country,au_born_population_2021,au_born_population_2016,au_change_2016_2021,au_change_pct,au_data_source,origin_agency,origin_has_public_api,origin_publishes_emigration,australia_bound_emigration_published,australia_bound_count,origin_note,origin_url_tested,tested_date,source_tier,source_url,source_retrieved_at
England,973950,1002060,-28110,-2.8,ABS ABS_ERP_COB_STATE via ABS Data API,Office for National Statistics,yes,yes,not verified,,BASELINE. ONS runs a working public API. Emigration by destination is published in UK long-term international migration estimates.,https://api.beta.ons.gov.uk/v1/datasets,2026-08-26,primary,"https://data.api.abs.gov.au/rest/data/ABS,ABS_ERP_COB_STATE,1.0.0/all?format=csv",2026-08-26T10:56:21.856Z
India,712040,489410,222630,45.5,ABS ABS_ERP_COB_STATE via ABS Data API,Ministry of Statistics (data.gov.in) / eMigrate,yes,yes,no,,"Open data API works and carries emigration datasets, but they cover Emigration Check Required clearances only. Australia is an ECNR destination, so Indians departing for Australia generate no emigration record. Other migration datasets in the API are INTERNAL migration; visa datasets cover foreigners arriving IN India.",https://api.data.gov.in/lists,2026-08-26,primary,"https://data.api.abs.gov.au/rest/data/ABS,ABS_ERP_COB_STATE,1.0.0/all?format=csv",2026-08-26T10:56:21.856Z
New Zealand,584010,568170,15840,2.8,ABS ABS_ERP_COB_STATE via ABS Data API,Stats NZ,exists,yes,yes,,BASELINE. Stats NZ publishes migration by destination including Australia. API endpoint returned 502 on the test date.,https://api.stats.govt.nz/opendata/v1/,2026-08-26,primary,"https://data.api.abs.gov.au/rest/data/ABS,ABS_ERP_COB_STATE,1.0.0/all?format=csv",2026-08-26T10:56:21.856Z
South Africa,202730,180480,22250,12.3,ABS ABS_ERP_COB_STATE via ABS Data API,Statistics South Africa,no,not verified,not verified,,Site returns a robots-restricted response to automated requests.,https://www.statssa.gov.za/,2026-08-26,primary,"https://data.api.abs.gov.au/rest/data/ABS,ABS_ERP_COB_STATE,1.0.0/all?format=csv",2026-08-26T10:56:21.856Z
Sri Lanka,140110,124500,15610,12.5,ABS ABS_ERP_COB_STATE via ABS Data API,Sri Lanka Bureau of Foreign Employment,no,yes,yes,743,"CORRECTED 2026-08-26. The earlier test hit the Department of Census and Statistics, which is the wrong agency. Foreign employment is SLBFE, which publishes an Annual Statistical Report with a full destination-country table. The 2025 report records 311,223 registrations across 39 destinations, Australia 743, against Kuwait 77,657. Annual PDF, no API. Counts registered migrant workers only.",https://www.slbfe.lk/statistics/,2026-08-26,primary,"https://data.api.abs.gov.au/rest/data/ABS,ABS_ERP_COB_STATE,1.0.0/all?format=csv",2026-08-26T10:56:21.856Z
Nepal,130290,58980,71310,120.9,ABS ABS_ERP_COB_STATE via ABS Data API,Department of Foreign Employment,no,yes (not via API),not verified,,"CORRECTED 2026-08-26. Previously recorded as not publishing Australia-bound data. That overstated the evidence: DoFE lists Australia at number 8 of 149 recognised destination countries for foreign employment, so the corridor is inside the system. Whether a count for it is published could not be verified, as the statistics are annual PDFs in Nepali with no machine endpoint. Volume is dominated by UAE, Malaysia, Qatar, Saudi Arabia and Kuwait. Nepalis reaching Australia arrive predominantly as students, and a student visa is not a labour permit.",https://dofe.gov.np/,2026-08-26,primary,"https://data.api.abs.gov.au/rest/data/ABS,ABS_ERP_COB_STATE,1.0.0/all?format=csv",2026-08-26T10:56:21.856Z
Iraq,101020,74680,26340,35.3,ABS ABS_ERP_COB_STATE via ABS Data API,Central Statistical Organization,no,not verified,not verified,,Tested endpoint returned 404.,https://cosit.gov.iq/en/,2026-08-26,primary,"https://data.api.abs.gov.au/rest/data/ABS,ABS_ERP_COB_STATE,1.0.0/all?format=csv",2026-08-26T10:56:21.856Z
Pakistan,96170,69660,26510,38.1,ABS ABS_ERP_COB_STATE via ABS Data API,Bureau of Emigration & Overseas Employment / PBS,no,yes (not via API),not verified,,"Pakistan DOES publish a detailed destination-country series: 15,172,687 workers registered for employment abroad 1971 to July 2026, updated monthly. It could not be verified here. BEOE returns HTTP 403 to every automated file request, and a rendered parse of its country PDF failed validation, recovering 33 of 54 rows and corrupting labels (rendering Qatar as 'Galier'), so it is not safe to read Australia's presence or absence from it. Recorded as not verified rather than absent: this is a limitation of our extraction, not of Pakistan's publishing.",https://beoe.gov.pk/,2026-08-26,primary,"https://data.api.abs.gov.au/rest/data/ABS,ABS_ERP_COB_STATE,1.0.0/all?format=csv",2026-08-26T10:56:21.856Z
Lebanon,95110,93720,1390,1.5,ABS ABS_ERP_COB_STATE via ABS Data API,Central Administration of Statistics,no,not verified,not verified,,"Site reachable, no API found at the tested endpoint.",http://www.cas.gov.lb/,2026-08-26,primary,"https://data.api.abs.gov.au/rest/data/ABS,ABS_ERP_COB_STATE,1.0.0/all?format=csv",2026-08-26T10:56:21.856Z
Iran,77070,66150,10920,16.5,ABS ABS_ERP_COB_STATE via ABS Data API,Statistical Centre of Iran,no,not verified,not verified,,Endpoint did not respond to automated request.,https://www.amar.org.ir/english,2026-08-26,primary,"https://data.api.abs.gov.au/rest/data/ABS,ABS_ERP_COB_STATE,1.0.0/all?format=csv",2026-08-26T10:56:21.856Z
Bangladesh,54870,46250,8620,18.6,ABS ABS_ERP_COB_STATE via ABS Data API,BMET / Overseas Employment Platform,yes,yes,yes,70,"CORRECTED 2026-08-26. An earlier test of this register recorded no API and no Australia rows. Both were wrong, and the error was in the test, not the source. The report is backed by a server-side JSON endpoint that accepts date and country filters, and it returns 3.4 million clearances across 158 destinations since 2023-06-04. Australia is present with 70. The instrument is an overseas EMPLOYMENT clearance, so it counts vetted labour contracts and not the student and skilled-independent routes that carry almost all Bangladeshi arrivals to Australia.",https://www.oep.gov.bd/reports/country-clearance,2026-08-26,primary,"https://data.api.abs.gov.au/rest/data/ABS,ABS_ERP_COB_STATE,1.0.0/all?format=csv",2026-08-26T10:56:21.856Z
Egypt,47110,45220,1890,4.2,ABS ABS_ERP_COB_STATE via ABS Data API,CAPMAS,no,not verified,not verified,,"Site reachable, no API found at the tested endpoint.",https://www.capmas.gov.eg/,2026-08-26,primary,"https://data.api.abs.gov.au/rest/data/ABS,ABS_ERP_COB_STATE,1.0.0/all?format=csv",2026-08-26T10:56:21.856Z
Zimbabwe,44070,41570,2500,6.0,ABS ABS_ERP_COB_STATE via ABS Data API,ZIMSTAT,no,not verified,not verified,,Endpoint did not respond to automated request.,https://www.zimstat.co.zw/,2026-08-26,primary,"https://data.api.abs.gov.au/rest/data/ABS,ABS_ERP_COB_STATE,1.0.0/all?format=csv",2026-08-26T10:56:21.856Z
Kenya,24840,21090,3750,17.8,ABS ABS_ERP_COB_STATE via ABS Data API,Kenya National Bureau of Statistics,no,not verified,not verified,,"Site reachable, no API found at the tested endpoint.",https://www.knbs.or.ke/,2026-08-26,primary,"https://data.api.abs.gov.au/rest/data/ABS,ABS_ERP_COB_STATE,1.0.0/all?format=csv",2026-08-26T10:56:21.856Z
Ethiopia,15670,14000,1670,11.9,ABS ABS_ERP_COB_STATE via ABS Data API,Ethiopian Statistics Service,no,not verified,not verified,,Endpoint did not respond to automated request.,https://www.statsethiopia.gov.et/,2026-08-26,primary,"https://data.api.abs.gov.au/rest/data/ABS,ABS_ERP_COB_STATE,1.0.0/all?format=csv",2026-08-26T10:56:21.856Z
Nigeria,14330,9800,4530,46.2,ABS ABS_ERP_COB_STATE via ABS Data API,National Bureau of Statistics,no,not verified,not verified,,"Site reachable, no API found at the tested endpoint.",https://nigerianstat.gov.ng/,2026-08-26,primary,"https://data.api.abs.gov.au/rest/data/ABS,ABS_ERP_COB_STATE,1.0.0/all?format=csv",2026-08-26T10:56:21.856Z
