period,series,region,index_value,indexed_to_2012_base,raw_value,unit,source_tier,source_url,source_retrieved_at
2012-Q1,"Residential property price index (weighted average, 8 capital cities)",Australia (8 capitals),100.8,100,,Index,primary,"https://data.api.abs.gov.au/rest/data/ABS,RPPI,1.0.0/all?startPeriod=2012&format=csv",2026-08-25T13:36:12.690Z
2012-Q1,"Residential property price index (weighted average, 8 capital cities)",Australia (8 capitals),100,99.2,,Index,primary,"https://data.api.abs.gov.au/rest/data/ABS,RPPI,1.0.0/all?startPeriod=2012&format=csv",2026-08-25T13:36:12.690Z
2012-Q1,"Residential property price index (weighted average, 8 capital cities)",Australia (8 capitals),99.7,98.9,,Index,primary,"https://data.api.abs.gov.au/rest/data/ABS,RPPI,1.0.0/all?startPeriod=2012&format=csv",2026-08-25T13:36:12.690Z
2012-Q2,"Residential property price index (weighted average, 8 capital cities)",Australia (8 capitals),100.5,99.7,,Index,primary,"https://data.api.abs.gov.au/rest/data/ABS,RPPI,1.0.0/all?startPeriod=2012&format=csv",2026-08-25T13:36:12.690Z
2012-Q2,"Residential property price index (weighted average, 8 capital cities)",Australia (8 capitals),100.4,99.6,,Index,primary,"https://data.api.abs.gov.au/rest/data/ABS,RPPI,1.0.0/all?startPeriod=2012&format=csv",2026-08-25T13:36:12.690Z
2012-Q2,"Residential property price index (weighted average, 8 capital cities)",Australia (8 capitals),100.3,99.5,,Index,primary,"https://data.api.abs.gov.au/rest/data/ABS,RPPI,1.0.0/all?startPeriod=2012&format=csv",2026-08-25T13:36:12.690Z
2012-Q3,"Residential property price index (weighted average, 8 capital cities)",Australia (8 capitals),100.5,99.7,,Index,primary,"https://data.api.abs.gov.au/rest/data/ABS,RPPI,1.0.0/all?startPeriod=2012&format=csv",2026-08-25T13:36:12.690Z
2012-Q3,"Residential property price index (weighted average, 8 capital cities)",Australia (8 capitals),100.2,99.4,,Index,primary,"https://data.api.abs.gov.au/rest/data/ABS,RPPI,1.0.0/all?startPeriod=2012&format=csv",2026-08-25T13:36:12.690Z
2012-Q3,"Residential property price index (weighted average, 8 capital cities)",Australia (8 capitals),100.1,99.3,,Index,primary,"https://data.api.abs.gov.au/rest/data/ABS,RPPI,1.0.0/all?startPeriod=2012&format=csv",2026-08-25T13:36:12.690Z
2012-Q4,"Residential property price index (weighted average, 8 capital cities)",Australia (8 capitals),102.7,101.9,,Index,primary,"https://data.api.abs.gov.au/rest/data/ABS,RPPI,1.0.0/all?startPeriod=2012&format=csv",2026-08-25T13:36:12.690Z
2012-Q4,"Residential property price index (weighted average, 8 capital cities)",Australia (8 capitals),102.4,101.6,,Index,primary,"https://data.api.abs.gov.au/rest/data/ABS,RPPI,1.0.0/all?startPeriod=2012&format=csv",2026-08-25T13:36:12.690Z
2012-Q4,"Residential property price index (weighted average, 8 capital cities)",Australia (8 capitals),102.3,101.5,,Index,primary,"https://data.api.abs.gov.au/rest/data/ABS,RPPI,1.0.0/all?startPeriod=2012&format=csv",2026-08-25T13:36:12.690Z
2012-S1,"Average weekly total earnings, all employees",Australia,,100,1053.2,AUD per week,primary,"https://data.api.abs.gov.au/rest/data/ABS,AWE,1.0.0/all?startPeriod=2012&format=csv",2026-08-25T13:36:12.690Z
2012-S2,"Average weekly total earnings, all employees",Australia,,102.7,1081.3,AUD per week,primary,"https://data.api.abs.gov.au/rest/data/ABS,AWE,1.0.0/all?startPeriod=2012&format=csv",2026-08-25T13:36:12.690Z
2013-Q1,"Residential property price index (weighted average, 8 capital cities)",Australia (8 capitals),103.4,102.6,,Index,primary,"https://data.api.abs.gov.au/rest/data/ABS,RPPI,1.0.0/all?startPeriod=2012&format=csv",2026-08-25T13:36:12.690Z
2013-Q1,"Residential property price index (weighted average, 8 capital cities)",Australia (8 capitals),103.1,102.3,,Index,primary,"https://data.api.abs.gov.au/rest/data/ABS,RPPI,1.0.0/all?startPeriod=2012&format=csv",2026-08-25T13:36:12.690Z
2013-Q1,"Residential property price index (weighted average, 8 capital cities)",Australia (8 capitals),103.1,102.3,,Index,primary,"https://data.api.abs.gov.au/rest/data/ABS,RPPI,1.0.0/all?startPeriod=2012&format=csv",2026-08-25T13:36:12.690Z
2013-Q2,"Residential property price index (weighted average, 8 capital cities)",Australia (8 capitals),106.1,105.3,,Index,primary,"https://data.api.abs.gov.au/rest/data/ABS,RPPI,1.0.0/all?startPeriod=2012&format=csv",2026-08-25T13:36:12.690Z
2013-Q2,"Residential property price index (weighted average, 8 capital cities)",Australia (8 capitals),105.7,104.9,,Index,primary,"https://data.api.abs.gov.au/rest/data/ABS,RPPI,1.0.0/all?startPeriod=2012&format=csv",2026-08-25T13:36:12.690Z
2013-Q2,"Residential property price index (weighted average, 8 capital cities)",Australia (8 capitals),105.6,104.8,,Index,primary,"https://data.api.abs.gov.au/rest/data/ABS,RPPI,1.0.0/all?startPeriod=2012&format=csv",2026-08-25T13:36:12.690Z
2013-Q3,"Residential property price index (weighted average, 8 capital cities)",Australia (8 capitals),108.2,107.3,,Index,primary,"https://data.api.abs.gov.au/rest/data/ABS,RPPI,1.0.0/all?startPeriod=2012&format=csv",2026-08-25T13:36:12.690Z
2013-Q3,"Residential property price index (weighted average, 8 capital cities)",Australia (8 capitals),108.3,107.4,,Index,primary,"https://data.api.abs.gov.au/rest/data/ABS,RPPI,1.0.0/all?startPeriod=2012&format=csv",2026-08-25T13:36:12.690Z
2013-Q3,"Residential property price index (weighted average, 8 capital cities)",Australia (8 capitals),108.4,107.5,,Index,primary,"https://data.api.abs.gov.au/rest/data/ABS,RPPI,1.0.0/all?startPeriod=2012&format=csv",2026-08-25T13:36:12.690Z
2013-Q4,"Residential property price index (weighted average, 8 capital cities)",Australia (8 capitals),111.7,110.8,,Index,primary,"https://data.api.abs.gov.au/rest/data/ABS,RPPI,1.0.0/all?startPeriod=2012&format=csv",2026-08-25T13:36:12.690Z
2013-Q4,"Residential property price index (weighted average, 8 capital cities)",Australia (8 capitals),112.6,111.7,,Index,primary,"https://data.api.abs.gov.au/rest/data/ABS,RPPI,1.0.0/all?startPeriod=2012&format=csv",2026-08-25T13:36:12.690Z
2013-Q4,"Residential property price index (weighted average, 8 capital cities)",Australia (8 capitals),113,112.1,,Index,primary,"https://data.api.abs.gov.au/rest/data/ABS,RPPI,1.0.0/all?startPeriod=2012&format=csv",2026-08-25T13:36:12.690Z
2013-S1,"Average weekly total earnings, all employees",Australia,,104.9,1105,AUD per week,primary,"https://data.api.abs.gov.au/rest/data/ABS,AWE,1.0.0/all?startPeriod=2012&format=csv",2026-08-25T13:36:12.690Z
2013-S2,"Average weekly total earnings, all employees",Australia,,105.8,1114.2,AUD per week,primary,"https://data.api.abs.gov.au/rest/data/ABS,AWE,1.0.0/all?startPeriod=2012&format=csv",2026-08-25T13:36:12.690Z
2014-Q1,"Residential property price index (weighted average, 8 capital cities)",Australia (8 capitals),113.7,112.8,,Index,primary,"https://data.api.abs.gov.au/rest/data/ABS,RPPI,1.0.0/all?startPeriod=2012&format=csv",2026-08-25T13:36:12.690Z
2014-Q1,"Residential property price index (weighted average, 8 capital cities)",Australia (8 capitals),114.2,113.3,,Index,primary,"https://data.api.abs.gov.au/rest/data/ABS,RPPI,1.0.0/all?startPeriod=2012&format=csv",2026-08-25T13:36:12.690Z
2014-Q1,"Residential property price index (weighted average, 8 capital cities)",Australia (8 capitals),114.4,113.5,,Index,primary,"https://data.api.abs.gov.au/rest/data/ABS,RPPI,1.0.0/all?startPeriod=2012&format=csv",2026-08-25T13:36:12.690Z
2014-Q2,"Residential property price index (weighted average, 8 capital cities)",Australia (8 capitals),115.5,114.6,,Index,primary,"https://data.api.abs.gov.au/rest/data/ABS,RPPI,1.0.0/all?startPeriod=2012&format=csv",2026-08-25T13:36:12.690Z
2014-Q2,"Residential property price index (weighted average, 8 capital cities)",Australia (8 capitals),116.4,115.5,,Index,primary,"https://data.api.abs.gov.au/rest/data/ABS,RPPI,1.0.0/all?startPeriod=2012&format=csv",2026-08-25T13:36:12.690Z
2014-Q2,"Residential property price index (weighted average, 8 capital cities)",Australia (8 capitals),116.8,115.9,,Index,primary,"https://data.api.abs.gov.au/rest/data/ABS,RPPI,1.0.0/all?startPeriod=2012&format=csv",2026-08-25T13:36:12.690Z
2014-Q3,"Residential property price index (weighted average, 8 capital cities)",Australia (8 capitals),116.1,115.2,,Index,primary,"https://data.api.abs.gov.au/rest/data/ABS,RPPI,1.0.0/all?startPeriod=2012&format=csv",2026-08-25T13:36:12.690Z
2014-Q3,"Residential property price index (weighted average, 8 capital cities)",Australia (8 capitals),117.8,116.9,,Index,primary,"https://data.api.abs.gov.au/rest/data/ABS,RPPI,1.0.0/all?startPeriod=2012&format=csv",2026-08-25T13:36:12.690Z
2014-Q3,"Residential property price index (weighted average, 8 capital cities)",Australia (8 capitals),118.4,117.5,,Index,primary,"https://data.api.abs.gov.au/rest/data/ABS,RPPI,1.0.0/all?startPeriod=2012&format=csv",2026-08-25T13:36:12.690Z
2014-Q4,"Residential property price index (weighted average, 8 capital cities)",Australia (8 capitals),118.3,117.4,,Index,primary,"https://data.api.abs.gov.au/rest/data/ABS,RPPI,1.0.0/all?startPeriod=2012&format=csv",2026-08-25T13:36:12.690Z
2014-Q4,"Residential property price index (weighted average, 8 capital cities)",Australia (8 capitals),120.2,119.2,,Index,primary,"https://data.api.abs.gov.au/rest/data/ABS,RPPI,1.0.0/all?startPeriod=2012&format=csv",2026-08-25T13:36:12.690Z
2014-Q4,"Residential property price index (weighted average, 8 capital cities)",Australia (8 capitals),120.9,119.9,,Index,primary,"https://data.api.abs.gov.au/rest/data/ABS,RPPI,1.0.0/all?startPeriod=2012&format=csv",2026-08-25T13:36:12.690Z
2014-S1,"Average weekly total earnings, all employees",Australia,,106.6,1123,AUD per week,primary,"https://data.api.abs.gov.au/rest/data/ABS,AWE,1.0.0/all?startPeriod=2012&format=csv",2026-08-25T13:36:12.690Z
2014-S2,"Average weekly total earnings, all employees",Australia,,107.2,1128.7,AUD per week,primary,"https://data.api.abs.gov.au/rest/data/ABS,AWE,1.0.0/all?startPeriod=2012&format=csv",2026-08-25T13:36:12.690Z
2015-Q1,"Residential property price index (weighted average, 8 capital cities)",Australia (8 capitals),119.3,118.4,,Index,primary,"https://data.api.abs.gov.au/rest/data/ABS,RPPI,1.0.0/all?startPeriod=2012&format=csv",2026-08-25T13:36:12.690Z
2015-Q1,"Residential property price index (weighted average, 8 capital cities)",Australia (8 capitals),122.1,121.1,,Index,primary,"https://data.api.abs.gov.au/rest/data/ABS,RPPI,1.0.0/all?startPeriod=2012&format=csv",2026-08-25T13:36:12.690Z
2015-Q1,"Residential property price index (weighted average, 8 capital cities)",Australia (8 capitals),123,122,,Index,primary,"https://data.api.abs.gov.au/rest/data/ABS,RPPI,1.0.0/all?startPeriod=2012&format=csv",2026-08-25T13:36:12.690Z
2015-Q2,"Residential property price index (weighted average, 8 capital cities)",Australia (8 capitals),124.2,123.2,,Index,primary,"https://data.api.abs.gov.au/rest/data/ABS,RPPI,1.0.0/all?startPeriod=2012&format=csv",2026-08-25T13:36:12.690Z
2015-Q2,"Residential property price index (weighted average, 8 capital cities)",Australia (8 capitals),127.8,126.8,,Index,primary,"https://data.api.abs.gov.au/rest/data/ABS,RPPI,1.0.0/all?startPeriod=2012&format=csv",2026-08-25T13:36:12.690Z
2015-Q2,"Residential property price index (weighted average, 8 capital cities)",Australia (8 capitals),129.1,128.1,,Index,primary,"https://data.api.abs.gov.au/rest/data/ABS,RPPI,1.0.0/all?startPeriod=2012&format=csv",2026-08-25T13:36:12.690Z
2015-Q3,"Residential property price index (weighted average, 8 capital cities)",Australia (8 capitals),126.2,125.2,,Index,primary,"https://data.api.abs.gov.au/rest/data/ABS,RPPI,1.0.0/all?startPeriod=2012&format=csv",2026-08-25T13:36:12.690Z
2015-Q3,"Residential property price index (weighted average, 8 capital cities)",Australia (8 capitals),130.4,129.4,,Index,primary,"https://data.api.abs.gov.au/rest/data/ABS,RPPI,1.0.0/all?startPeriod=2012&format=csv",2026-08-25T13:36:12.690Z
2015-Q3,"Residential property price index (weighted average, 8 capital cities)",Australia (8 capitals),131.9,130.9,,Index,primary,"https://data.api.abs.gov.au/rest/data/ABS,RPPI,1.0.0/all?startPeriod=2012&format=csv",2026-08-25T13:36:12.690Z
2015-Q4,"Residential property price index (weighted average, 8 capital cities)",Australia (8 capitals),126.2,125.2,,Index,primary,"https://data.api.abs.gov.au/rest/data/ABS,RPPI,1.0.0/all?startPeriod=2012&format=csv",2026-08-25T13:36:12.690Z
2015-Q4,"Residential property price index (weighted average, 8 capital cities)",Australia (8 capitals),130.6,129.6,,Index,primary,"https://data.api.abs.gov.au/rest/data/ABS,RPPI,1.0.0/all?startPeriod=2012&format=csv",2026-08-25T13:36:12.690Z
2015-Q4,"Residential property price index (weighted average, 8 capital cities)",Australia (8 capitals),132.1,131.1,,Index,primary,"https://data.api.abs.gov.au/rest/data/ABS,RPPI,1.0.0/all?startPeriod=2012&format=csv",2026-08-25T13:36:12.690Z
2015-S1,"Average weekly total earnings, all employees",Australia,,107.9,1136.9,AUD per week,primary,"https://data.api.abs.gov.au/rest/data/ABS,AWE,1.0.0/all?startPeriod=2012&format=csv",2026-08-25T13:36:12.690Z
2015-S2,"Average weekly total earnings, all employees",Australia,,108.8,1145.7,AUD per week,primary,"https://data.api.abs.gov.au/rest/data/ABS,AWE,1.0.0/all?startPeriod=2012&format=csv",2026-08-25T13:36:12.690Z
2016-Q1,"Residential property price index (weighted average, 8 capital cities)",Australia (8 capitals),125.2,124.2,,Index,primary,"https://data.api.abs.gov.au/rest/data/ABS,RPPI,1.0.0/all?startPeriod=2012&format=csv",2026-08-25T13:36:12.690Z
2016-Q1,"Residential property price index (weighted average, 8 capital cities)",Australia (8 capitals),130.4,129.4,,Index,primary,"https://data.api.abs.gov.au/rest/data/ABS,RPPI,1.0.0/all?startPeriod=2012&format=csv",2026-08-25T13:36:12.690Z
2016-Q1,"Residential property price index (weighted average, 8 capital cities)",Australia (8 capitals),132.1,131.1,,Index,primary,"https://data.api.abs.gov.au/rest/data/ABS,RPPI,1.0.0/all?startPeriod=2012&format=csv",2026-08-25T13:36:12.690Z
2016-Q2,"Residential property price index (weighted average, 8 capital cities)",Australia (8 capitals),126.9,125.9,,Index,primary,"https://data.api.abs.gov.au/rest/data/ABS,RPPI,1.0.0/all?startPeriod=2012&format=csv",2026-08-25T13:36:12.690Z
2016-Q2,"Residential property price index (weighted average, 8 capital cities)",Australia (8 capitals),133,131.9,,Index,primary,"https://data.api.abs.gov.au/rest/data/ABS,RPPI,1.0.0/all?startPeriod=2012&format=csv",2026-08-25T13:36:12.690Z
2016-Q2,"Residential property price index (weighted average, 8 capital cities)",Australia (8 capitals),135.1,134,,Index,primary,"https://data.api.abs.gov.au/rest/data/ABS,RPPI,1.0.0/all?startPeriod=2012&format=csv",2026-08-25T13:36:12.690Z
2016-Q3,"Residential property price index (weighted average, 8 capital cities)",Australia (8 capitals),128.4,127.4,,Index,primary,"https://data.api.abs.gov.au/rest/data/ABS,RPPI,1.0.0/all?startPeriod=2012&format=csv",2026-08-25T13:36:12.690Z
2016-Q3,"Residential property price index (weighted average, 8 capital cities)",Australia (8 capitals),135,133.9,,Index,primary,"https://data.api.abs.gov.au/rest/data/ABS,RPPI,1.0.0/all?startPeriod=2012&format=csv",2026-08-25T13:36:12.690Z
2016-Q3,"Residential property price index (weighted average, 8 capital cities)",Australia (8 capitals),137.3,136.2,,Index,primary,"https://data.api.abs.gov.au/rest/data/ABS,RPPI,1.0.0/all?startPeriod=2012&format=csv",2026-08-25T13:36:12.690Z
2016-Q4,"Residential property price index (weighted average, 8 capital cities)",Australia (8 capitals),131.3,130.3,,Index,primary,"https://data.api.abs.gov.au/rest/data/ABS,RPPI,1.0.0/all?startPeriod=2012&format=csv",2026-08-25T13:36:12.690Z
2016-Q4,"Residential property price index (weighted average, 8 capital cities)",Australia (8 capitals),140.6,139.5,,Index,primary,"https://data.api.abs.gov.au/rest/data/ABS,RPPI,1.0.0/all?startPeriod=2012&format=csv",2026-08-25T13:36:12.690Z
2016-Q4,"Residential property price index (weighted average, 8 capital cities)",Australia (8 capitals),143.8,142.7,,Index,primary,"https://data.api.abs.gov.au/rest/data/ABS,RPPI,1.0.0/all?startPeriod=2012&format=csv",2026-08-25T13:36:12.690Z
2016-S1,"Average weekly total earnings, all employees",Australia,,110.2,1160.9,AUD per week,primary,"https://data.api.abs.gov.au/rest/data/ABS,AWE,1.0.0/all?startPeriod=2012&format=csv",2026-08-25T13:36:12.690Z
2016-S2,"Average weekly total earnings, all employees",Australia,,110.5,1163.5,AUD per week,primary,"https://data.api.abs.gov.au/rest/data/ABS,AWE,1.0.0/all?startPeriod=2012&format=csv",2026-08-25T13:36:12.690Z
2017-Q1,"Residential property price index (weighted average, 8 capital cities)",Australia (8 capitals),133.5,132.4,,Index,primary,"https://data.api.abs.gov.au/rest/data/ABS,RPPI,1.0.0/all?startPeriod=2012&format=csv",2026-08-25T13:36:12.690Z
2017-Q1,"Residential property price index (weighted average, 8 capital cities)",Australia (8 capitals),143.7,142.6,,Index,primary,"https://data.api.abs.gov.au/rest/data/ABS,RPPI,1.0.0/all?startPeriod=2012&format=csv",2026-08-25T13:36:12.690Z
2017-Q1,"Residential property price index (weighted average, 8 capital cities)",Australia (8 capitals),147.3,146.1,,Index,primary,"https://data.api.abs.gov.au/rest/data/ABS,RPPI,1.0.0/all?startPeriod=2012&format=csv",2026-08-25T13:36:12.690Z
2017-Q2,"Residential property price index (weighted average, 8 capital cities)",Australia (8 capitals),136.1,135,,Index,primary,"https://data.api.abs.gov.au/rest/data/ABS,RPPI,1.0.0/all?startPeriod=2012&format=csv",2026-08-25T13:36:12.690Z
2017-Q2,"Residential property price index (weighted average, 8 capital cities)",Australia (8 capitals),146.5,145.3,,Index,primary,"https://data.api.abs.gov.au/rest/data/ABS,RPPI,1.0.0/all?startPeriod=2012&format=csv",2026-08-25T13:36:12.690Z
2017-Q2,"Residential property price index (weighted average, 8 capital cities)",Australia (8 capitals),150.1,148.9,,Index,primary,"https://data.api.abs.gov.au/rest/data/ABS,RPPI,1.0.0/all?startPeriod=2012&format=csv",2026-08-25T13:36:12.690Z
2017-Q3,"Residential property price index (weighted average, 8 capital cities)",Australia (8 capitals),135,133.9,,Index,primary,"https://data.api.abs.gov.au/rest/data/ABS,RPPI,1.0.0/all?startPeriod=2012&format=csv",2026-08-25T13:36:12.690Z
2017-Q3,"Residential property price index (weighted average, 8 capital cities)",Australia (8 capitals),146.2,145,,Index,primary,"https://data.api.abs.gov.au/rest/data/ABS,RPPI,1.0.0/all?startPeriod=2012&format=csv",2026-08-25T13:36:12.690Z
2017-Q3,"Residential property price index (weighted average, 8 capital cities)",Australia (8 capitals),150.1,148.9,,Index,primary,"https://data.api.abs.gov.au/rest/data/ABS,RPPI,1.0.0/all?startPeriod=2012&format=csv",2026-08-25T13:36:12.690Z
2017-Q4,"Residential property price index (weighted average, 8 capital cities)",Australia (8 capitals),135.8,134.7,,Index,primary,"https://data.api.abs.gov.au/rest/data/ABS,RPPI,1.0.0/all?startPeriod=2012&format=csv",2026-08-25T13:36:12.690Z
2017-Q4,"Residential property price index (weighted average, 8 capital cities)",Australia (8 capitals),147.6,146.4,,Index,primary,"https://data.api.abs.gov.au/rest/data/ABS,RPPI,1.0.0/all?startPeriod=2012&format=csv",2026-08-25T13:36:12.690Z
2017-Q4,"Residential property price index (weighted average, 8 capital cities)",Australia (8 capitals),151.8,150.6,,Index,primary,"https://data.api.abs.gov.au/rest/data/ABS,RPPI,1.0.0/all?startPeriod=2012&format=csv",2026-08-25T13:36:12.690Z
2017-S1,"Average weekly total earnings, all employees",Australia,,111.9,1179,AUD per week,primary,"https://data.api.abs.gov.au/rest/data/ABS,AWE,1.0.0/all?startPeriod=2012&format=csv",2026-08-25T13:36:12.690Z
2017-S2,"Average weekly total earnings, all employees",Australia,,113.1,1191.5,AUD per week,primary,"https://data.api.abs.gov.au/rest/data/ABS,AWE,1.0.0/all?startPeriod=2012&format=csv",2026-08-25T13:36:12.690Z
2018-Q1,"Residential property price index (weighted average, 8 capital cities)",Australia (8 capitals),134.9,133.8,,Index,primary,"https://data.api.abs.gov.au/rest/data/ABS,RPPI,1.0.0/all?startPeriod=2012&format=csv",2026-08-25T13:36:12.690Z
2018-Q1,"Residential property price index (weighted average, 8 capital cities)",Australia (8 capitals),146.6,145.4,,Index,primary,"https://data.api.abs.gov.au/rest/data/ABS,RPPI,1.0.0/all?startPeriod=2012&format=csv",2026-08-25T13:36:12.690Z
2018-Q1,"Residential property price index (weighted average, 8 capital cities)",Australia (8 capitals),150.6,149.4,,Index,primary,"https://data.api.abs.gov.au/rest/data/ABS,RPPI,1.0.0/all?startPeriod=2012&format=csv",2026-08-25T13:36:12.690Z
2018-Q2,"Residential property price index (weighted average, 8 capital cities)",Australia (8 capitals),133.9,132.8,,Index,primary,"https://data.api.abs.gov.au/rest/data/ABS,RPPI,1.0.0/all?startPeriod=2012&format=csv",2026-08-25T13:36:12.690Z
2018-Q2,"Residential property price index (weighted average, 8 capital cities)",Australia (8 capitals),145.6,144.4,,Index,primary,"https://data.api.abs.gov.au/rest/data/ABS,RPPI,1.0.0/all?startPeriod=2012&format=csv",2026-08-25T13:36:12.690Z
2018-Q2,"Residential property price index (weighted average, 8 capital cities)",Australia (8 capitals),149.7,148.5,,Index,primary,"https://data.api.abs.gov.au/rest/data/ABS,RPPI,1.0.0/all?startPeriod=2012&format=csv",2026-08-25T13:36:12.690Z
2018-Q3,"Residential property price index (weighted average, 8 capital cities)",Australia (8 capitals),132.6,131.5,,Index,primary,"https://data.api.abs.gov.au/rest/data/ABS,RPPI,1.0.0/all?startPeriod=2012&format=csv",2026-08-25T13:36:12.690Z
2018-Q3,"Residential property price index (weighted average, 8 capital cities)",Australia (8 capitals),143.4,142.3,,Index,primary,"https://data.api.abs.gov.au/rest/data/ABS,RPPI,1.0.0/all?startPeriod=2012&format=csv",2026-08-25T13:36:12.690Z
2018-Q3,"Residential property price index (weighted average, 8 capital cities)",Australia (8 capitals),147.2,146,,Index,primary,"https://data.api.abs.gov.au/rest/data/ABS,RPPI,1.0.0/all?startPeriod=2012&format=csv",2026-08-25T13:36:12.690Z
2018-Q4,"Residential property price index (weighted average, 8 capital cities)",Australia (8 capitals),130.1,129.1,,Index,primary,"https://data.api.abs.gov.au/rest/data/ABS,RPPI,1.0.0/all?startPeriod=2012&format=csv",2026-08-25T13:36:12.690Z
2018-Q4,"Residential property price index (weighted average, 8 capital cities)",Australia (8 capitals),140,138.9,,Index,primary,"https://data.api.abs.gov.au/rest/data/ABS,RPPI,1.0.0/all?startPeriod=2012&format=csv",2026-08-25T13:36:12.690Z
2018-Q4,"Residential property price index (weighted average, 8 capital cities)",Australia (8 capitals),143.4,142.3,,Index,primary,"https://data.api.abs.gov.au/rest/data/ABS,RPPI,1.0.0/all?startPeriod=2012&format=csv",2026-08-25T13:36:12.690Z
2018-S1,"Average weekly total earnings, all employees",Australia,,114.6,1207.4,AUD per week,primary,"https://data.api.abs.gov.au/rest/data/ABS,AWE,1.0.0/all?startPeriod=2012&format=csv",2026-08-25T13:36:12.690Z
2018-S2,"Average weekly total earnings, all employees",Australia,,116.3,1225.3,AUD per week,primary,"https://data.api.abs.gov.au/rest/data/ABS,AWE,1.0.0/all?startPeriod=2012&format=csv",2026-08-25T13:36:12.690Z
2019-Q1,"Residential property price index (weighted average, 8 capital cities)",Australia (8 capitals),126.2,125.2,,Index,primary,"https://data.api.abs.gov.au/rest/data/ABS,RPPI,1.0.0/all?startPeriod=2012&format=csv",2026-08-25T13:36:12.690Z
2019-Q1,"Residential property price index (weighted average, 8 capital cities)",Australia (8 capitals),135.8,134.7,,Index,primary,"https://data.api.abs.gov.au/rest/data/ABS,RPPI,1.0.0/all?startPeriod=2012&format=csv",2026-08-25T13:36:12.690Z
2019-Q1,"Residential property price index (weighted average, 8 capital cities)",Australia (8 capitals),139,137.9,,Index,primary,"https://data.api.abs.gov.au/rest/data/ABS,RPPI,1.0.0/all?startPeriod=2012&format=csv",2026-08-25T13:36:12.690Z
2019-Q2,"Residential property price index (weighted average, 8 capital cities)",Australia (8 capitals),125.2,124.2,,Index,primary,"https://data.api.abs.gov.au/rest/data/ABS,RPPI,1.0.0/all?startPeriod=2012&format=csv",2026-08-25T13:36:12.690Z
2019-Q2,"Residential property price index (weighted average, 8 capital cities)",Australia (8 capitals),134.8,133.7,,Index,primary,"https://data.api.abs.gov.au/rest/data/ABS,RPPI,1.0.0/all?startPeriod=2012&format=csv",2026-08-25T13:36:12.690Z
2019-Q2,"Residential property price index (weighted average, 8 capital cities)",Australia (8 capitals),138.1,137,,Index,primary,"https://data.api.abs.gov.au/rest/data/ABS,RPPI,1.0.0/all?startPeriod=2012&format=csv",2026-08-25T13:36:12.690Z
2019-Q3,"Residential property price index (weighted average, 8 capital cities)",Australia (8 capitals),128.3,127.3,,Index,primary,"https://data.api.abs.gov.au/rest/data/ABS,RPPI,1.0.0/all?startPeriod=2012&format=csv",2026-08-25T13:36:12.690Z
2019-Q3,"Residential property price index (weighted average, 8 capital cities)",Australia (8 capitals),138.1,137,,Index,primary,"https://data.api.abs.gov.au/rest/data/ABS,RPPI,1.0.0/all?startPeriod=2012&format=csv",2026-08-25T13:36:12.690Z
2019-Q3,"Residential property price index (weighted average, 8 capital cities)",Australia (8 capitals),141.5,140.4,,Index,primary,"https://data.api.abs.gov.au/rest/data/ABS,RPPI,1.0.0/all?startPeriod=2012&format=csv",2026-08-25T13:36:12.690Z
2019-Q4,"Residential property price index (weighted average, 8 capital cities)",Australia (8 capitals),132.6,131.5,,Index,primary,"https://data.api.abs.gov.au/rest/data/ABS,RPPI,1.0.0/all?startPeriod=2012&format=csv",2026-08-25T13:36:12.690Z
2019-Q4,"Residential property price index (weighted average, 8 capital cities)",Australia (8 capitals),143.5,142.4,,Index,primary,"https://data.api.abs.gov.au/rest/data/ABS,RPPI,1.0.0/all?startPeriod=2012&format=csv",2026-08-25T13:36:12.690Z
2019-Q4,"Residential property price index (weighted average, 8 capital cities)",Australia (8 capitals),147.4,146.2,,Index,primary,"https://data.api.abs.gov.au/rest/data/ABS,RPPI,1.0.0/all?startPeriod=2012&format=csv",2026-08-25T13:36:12.690Z
2019-S1,"Average weekly total earnings, all employees",Australia,,117.5,1237.9,AUD per week,primary,"https://data.api.abs.gov.au/rest/data/ABS,AWE,1.0.0/all?startPeriod=2012&format=csv",2026-08-25T13:36:12.690Z
2019-S2,"Average weekly total earnings, all employees",Australia,,119.4,1257,AUD per week,primary,"https://data.api.abs.gov.au/rest/data/ABS,AWE,1.0.0/all?startPeriod=2012&format=csv",2026-08-25T13:36:12.690Z
2020-Q1,"Residential property price index (weighted average, 8 capital cities)",Australia (8 capitals),133.5,132.4,,Index,primary,"https://data.api.abs.gov.au/rest/data/ABS,RPPI,1.0.0/all?startPeriod=2012&format=csv",2026-08-25T13:36:12.690Z
2020-Q1,"Residential property price index (weighted average, 8 capital cities)",Australia (8 capitals),145.8,144.6,,Index,primary,"https://data.api.abs.gov.au/rest/data/ABS,RPPI,1.0.0/all?startPeriod=2012&format=csv",2026-08-25T13:36:12.690Z
2020-Q1,"Residential property price index (weighted average, 8 capital cities)",Australia (8 capitals),150.3,149.1,,Index,primary,"https://data.api.abs.gov.au/rest/data/ABS,RPPI,1.0.0/all?startPeriod=2012&format=csv",2026-08-25T13:36:12.690Z
2020-Q2,"Residential property price index (weighted average, 8 capital cities)",Australia (8 capitals),131.9,130.9,,Index,primary,"https://data.api.abs.gov.au/rest/data/ABS,RPPI,1.0.0/all?startPeriod=2012&format=csv",2026-08-25T13:36:12.690Z
2020-Q2,"Residential property price index (weighted average, 8 capital cities)",Australia (8 capitals),143.2,142.1,,Index,primary,"https://data.api.abs.gov.au/rest/data/ABS,RPPI,1.0.0/all?startPeriod=2012&format=csv",2026-08-25T13:36:12.690Z
2020-Q2,"Residential property price index (weighted average, 8 capital cities)",Australia (8 capitals),147.2,146,,Index,primary,"https://data.api.abs.gov.au/rest/data/ABS,RPPI,1.0.0/all?startPeriod=2012&format=csv",2026-08-25T13:36:12.690Z
2020-Q3,"Residential property price index (weighted average, 8 capital cities)",Australia (8 capitals),132.3,131.3,,Index,primary,"https://data.api.abs.gov.au/rest/data/ABS,RPPI,1.0.0/all?startPeriod=2012&format=csv",2026-08-25T13:36:12.690Z
2020-Q3,"Residential property price index (weighted average, 8 capital cities)",Australia (8 capitals),144.3,143.2,,Index,primary,"https://data.api.abs.gov.au/rest/data/ABS,RPPI,1.0.0/all?startPeriod=2012&format=csv",2026-08-25T13:36:12.690Z
2020-Q3,"Residential property price index (weighted average, 8 capital cities)",Australia (8 capitals),148.6,147.4,,Index,primary,"https://data.api.abs.gov.au/rest/data/ABS,RPPI,1.0.0/all?startPeriod=2012&format=csv",2026-08-25T13:36:12.690Z
2020-Q4,"Residential property price index (weighted average, 8 capital cities)",Australia (8 capitals),134.7,133.6,,Index,primary,"https://data.api.abs.gov.au/rest/data/ABS,RPPI,1.0.0/all?startPeriod=2012&format=csv",2026-08-25T13:36:12.690Z
2020-Q4,"Residential property price index (weighted average, 8 capital cities)",Australia (8 capitals),148.7,147.5,,Index,primary,"https://data.api.abs.gov.au/rest/data/ABS,RPPI,1.0.0/all?startPeriod=2012&format=csv",2026-08-25T13:36:12.690Z
2020-Q4,"Residential property price index (weighted average, 8 capital cities)",Australia (8 capitals),153.8,152.6,,Index,primary,"https://data.api.abs.gov.au/rest/data/ABS,RPPI,1.0.0/all?startPeriod=2012&format=csv",2026-08-25T13:36:12.690Z
2020-S1,"Average weekly total earnings, all employees",Australia,,123.9,1304.7,AUD per week,primary,"https://data.api.abs.gov.au/rest/data/ABS,AWE,1.0.0/all?startPeriod=2012&format=csv",2026-08-25T13:36:12.690Z
2020-S2,"Average weekly total earnings, all employees",Australia,,121.6,1280.3,AUD per week,primary,"https://data.api.abs.gov.au/rest/data/ABS,AWE,1.0.0/all?startPeriod=2012&format=csv",2026-08-25T13:36:12.690Z
2021-Q1,"Residential property price index (weighted average, 8 capital cities)",Australia (8 capitals),138.3,137.2,,Index,primary,"https://data.api.abs.gov.au/rest/data/ABS,RPPI,1.0.0/all?startPeriod=2012&format=csv",2026-08-25T13:36:12.690Z
2021-Q1,"Residential property price index (weighted average, 8 capital cities)",Australia (8 capitals),156.7,155.5,,Index,primary,"https://data.api.abs.gov.au/rest/data/ABS,RPPI,1.0.0/all?startPeriod=2012&format=csv",2026-08-25T13:36:12.690Z
2021-Q1,"Residential property price index (weighted average, 8 capital cities)",Australia (8 capitals),163.7,162.4,,Index,primary,"https://data.api.abs.gov.au/rest/data/ABS,RPPI,1.0.0/all?startPeriod=2012&format=csv",2026-08-25T13:36:12.690Z
2021-Q2,"Residential property price index (weighted average, 8 capital cities)",Australia (8 capitals),144.2,143.1,,Index,primary,"https://data.api.abs.gov.au/rest/data/ABS,RPPI,1.0.0/all?startPeriod=2012&format=csv",2026-08-25T13:36:12.690Z
2021-Q2,"Residential property price index (weighted average, 8 capital cities)",Australia (8 capitals),167.2,165.9,,Index,primary,"https://data.api.abs.gov.au/rest/data/ABS,RPPI,1.0.0/all?startPeriod=2012&format=csv",2026-08-25T13:36:12.690Z
2021-Q2,"Residential property price index (weighted average, 8 capital cities)",Australia (8 capitals),176.3,174.9,,Index,primary,"https://data.api.abs.gov.au/rest/data/ABS,RPPI,1.0.0/all?startPeriod=2012&format=csv",2026-08-25T13:36:12.690Z
2021-Q3,"Residential property price index (weighted average, 8 capital cities)",Australia (8 capitals),148.7,147.5,,Index,primary,"https://data.api.abs.gov.au/rest/data/ABS,RPPI,1.0.0/all?startPeriod=2012&format=csv",2026-08-25T13:36:12.690Z
2021-Q3,"Residential property price index (weighted average, 8 capital cities)",Australia (8 capitals),175.6,174.2,,Index,primary,"https://data.api.abs.gov.au/rest/data/ABS,RPPI,1.0.0/all?startPeriod=2012&format=csv",2026-08-25T13:36:12.690Z
2021-Q3,"Residential property price index (weighted average, 8 capital cities)",Australia (8 capitals),186.3,184.8,,Index,primary,"https://data.api.abs.gov.au/rest/data/ABS,RPPI,1.0.0/all?startPeriod=2012&format=csv",2026-08-25T13:36:12.690Z
2021-Q4,"Residential property price index (weighted average, 8 capital cities)",Australia (8 capitals),153.5,152.3,,Index,primary,"https://data.api.abs.gov.au/rest/data/ABS,RPPI,1.0.0/all?startPeriod=2012&format=csv",2026-08-25T13:36:12.690Z
2021-Q4,"Residential property price index (weighted average, 8 capital cities)",Australia (8 capitals),183.9,182.4,,Index,primary,"https://data.api.abs.gov.au/rest/data/ABS,RPPI,1.0.0/all?startPeriod=2012&format=csv",2026-08-25T13:36:12.690Z
2021-Q4,"Residential property price index (weighted average, 8 capital cities)",Australia (8 capitals),196.1,194.5,,Index,primary,"https://data.api.abs.gov.au/rest/data/ABS,RPPI,1.0.0/all?startPeriod=2012&format=csv",2026-08-25T13:36:12.690Z
2021-S1,"Average weekly total earnings, all employees",Australia,,124,1305.8,AUD per week,primary,"https://data.api.abs.gov.au/rest/data/ABS,AWE,1.0.0/all?startPeriod=2012&format=csv",2026-08-25T13:36:12.690Z
2021-S2,"Average weekly total earnings, all employees",Australia,,126.2,1328.9,AUD per week,primary,"https://data.api.abs.gov.au/rest/data/ABS,AWE,1.0.0/all?startPeriod=2012&format=csv",2026-08-25T13:36:12.690Z
2022-S1,"Average weekly total earnings, all employees",Australia,,127.7,1344.7,AUD per week,primary,"https://data.api.abs.gov.au/rest/data/ABS,AWE,1.0.0/all?startPeriod=2012&format=csv",2026-08-25T13:36:12.690Z
2022-S2,"Average weekly total earnings, all employees",Australia,,130.9,1378.6,AUD per week,primary,"https://data.api.abs.gov.au/rest/data/ABS,AWE,1.0.0/all?startPeriod=2012&format=csv",2026-08-25T13:36:12.690Z
2023-S1,"Average weekly total earnings, all employees",Australia,,132.8,1399.1,AUD per week,primary,"https://data.api.abs.gov.au/rest/data/ABS,AWE,1.0.0/all?startPeriod=2012&format=csv",2026-08-25T13:36:12.690Z
2023-S2,"Average weekly total earnings, all employees",Australia,,136,1432.6,AUD per week,primary,"https://data.api.abs.gov.au/rest/data/ABS,AWE,1.0.0/all?startPeriod=2012&format=csv",2026-08-25T13:36:12.690Z
2024-S1,"Average weekly total earnings, all employees",Australia,,140.6,1480.9,AUD per week,primary,"https://data.api.abs.gov.au/rest/data/ABS,AWE,1.0.0/all?startPeriod=2012&format=csv",2026-08-25T13:36:12.690Z
2024-S2,"Average weekly total earnings, all employees",Australia,,143.5,1510.9,AUD per week,primary,"https://data.api.abs.gov.au/rest/data/ABS,AWE,1.0.0/all?startPeriod=2012&format=csv",2026-08-25T13:36:12.690Z
2025-S1,"Average weekly total earnings, all employees",Australia,,146.4,1542.3,AUD per week,primary,"https://data.api.abs.gov.au/rest/data/ABS,AWE,1.0.0/all?startPeriod=2012&format=csv",2026-08-25T13:36:12.690Z
2025-S2,"Average weekly total earnings, all employees",Australia,,148.3,1562.4,AUD per week,primary,"https://data.api.abs.gov.au/rest/data/ABS,AWE,1.0.0/all?startPeriod=2012&format=csv",2026-08-25T13:36:12.690Z
2026-S1,"Average weekly total earnings, all employees",Australia,,149.9,1579.2,AUD per week,primary,"https://data.api.abs.gov.au/rest/data/ABS,AWE,1.0.0/all?startPeriod=2012&format=csv",2026-08-25T13:36:12.690Z
